Con,IR,LCA+IR,LCA+IR+SBI-115,LCA+IR+Fatostatin
98.93,65.5466,90.94,66.86131,60.15
97.75,61.91577,92.76,67.70479,61.62
96.41,60.21311,87.86,64.96891,64.5
97.98,60.69798,86.93,60.784,60.83
99.26,61.83684,86.22,59.72425,65.3
101.1,67.26053,87.96,63.41173,65.62
