Sham,,LCA,,IR,,LCA+IR,,LCA+IR+MF-438,
4-HNE,MDA,4-HNE,MDA,4-HNE,MDA,4-HNE,MDA,4-HNE,MDA
0.94968,0.75623,0.88328,0.82922,1.32583,1.07328,0.92772,0.9215,1.42329,1.11922
0.85114,0.74691,0.95297,0.82901,1.4214,1.13441,1.09253,0.90735,1.28425,1.13163
0.94674,0.79047,0.99198,0.81463,1.50147,1.08353,1.10128,0.93538,1.52368,1.14599
0.70911,0.84643,0.88331,0.78963,1.50426,1.08995,1.1469,0.91627,1.41349,1.15244
0.85925,0.79135,0.87785,0.83166,1.60007,1.11745,1.27562,0.91435,1.48276,1.07539
0.93333,0.78735,0.87204,0.788,1.39526,1.12493,1.30588,0.89572,1.44492,1.1378
