IL-1¦Â,,,,
Sham,IR, AT9(C/G)+IR,AT9+IR,HD5+IR
22.56725,181.77911,102.90543,133.52041,160.87485
24.55479,241.19588,92.79342,132.50921,146.57856
31.2845,195.09907,95.65268,96.5244,157.52743
35.85234,165.56502,89.27165,116.60895,126.52889
42.82614,182.99952,58.55206,188.29961,132.45662
50.88088,252.04014,99.34879,168.21507,146.6483
