LCA (nmol/g),绒毛长度,隐窝数量
26.85,259.0466,14
16.18461,229.9796,9
34.21889,262.1066,12
23.71226,247.3466,10
29.37886,260.6192,15
33.85936,263.4028,15
44.41279,270.8822,16
26.76791,253.8512,10
21.02779,257.6042,12
22.25701,262.0806,10
