Con,IR,LCA+IR,LCA+IR+Si-SCD1
0.29568,0.17428,0.2954,0.1745
0.2951,0.17002,0.30181,0.16574
0.29272,0.17088,0.29782,0.1699
0.2938,0.17272,0.29603,0.1734
0.30008,0.16903,0.29519,0.17463
